"mynum","myname","myryaku","fnum","fname","fryaku","win","loss","taisaku"
7,"カービィ","CB",1,"マリオ","マリオ",30,11,"8%は前投げ+空前が当たらない
ガード⇒掴み回避
○：空後、空前、下強
△：横強
復帰は帰ることに専念。上Bを使用しない。"
7,"カービィ","CB",2,"ドンキーコング","DK",20,18,"0%：前投げ＋空前＋（反転）上強＋上スマ
30%：空N＋横強＋下強＋下強＋空下+下強＋下強＋横スマ70%：空N＋上強＋空上　or 2段ジャンプ空後
100%：【根本】空前（1段）＋横スマ　（困難）
100%：【先端】空前（1段）＋空後"
7,"カービィ","CB",3,"リンク","リンク",5,5,"　"
7,"カービィ","CB",4,"サムス・ダークサムス","ダムス",8,8,"初手：空前＋上強＋上強
中盤：コピー
終盤：上スマ"
7,"カービィ","CB",6,"ヨッシー","ヨッシー",4,1,"16%までは前投げ+空前が当たらない
ステージ上で戦闘
常に空後、空Nでけん制
避け：下回避

終盤：吸い込み掃き出し
"
7,"カービィ","CB",7,"カービィ","CB",12,18,"3%は前投げ+空前が当たらない
ダッシュガード
初手：掴み回避 → 空N
後半：ガード"
7,"カービィ","CB",8,"フォックス","FX",3,4,"走って掴むことをしない
ガード
下強
引き降り空N"
7,"カービィ","CB",9,"ピカチュウ","ピカ",8,5,"3%は前投げ+空前が当たらない
下強"
7,"カービィ","CB",10,"ルイージ","L",1,6,"低い位置の空中攻撃オンパレードでけん制
空前、DA
撃墜：ディレイ空後"
7,"カービィ","CB",11,"ネス","ネス",7,8,"3%までは前投げ+空前が当たらない
序盤：歩きガード
（ステップ禁止）
降り空N、空前、下強、上強"
7,"カービィ","CB",12,"キャプテン・ファルコン","CF",12,10,"しゃがみ
初手：掴み回避
中盤：空中読み回避
撃墜：ガード"
7,"カービィ","CB",13,"プリン","プリン",6,3,"3%までは前投げ+空前が当たらない
ガード"
7,"カービィ","CB",14,"ピーチ・デイジー","ピチデ",0,3,"ガード長（コピー推奨）
浮遊している時は無視で"
7,"カービィ","CB",16,"クッパ","カメ",8,9,"ガード待機は危険"
7,"カービィ","CB",17,"アイスクライマー","アイクラ",0,0,""
7,"カービィ","CB",18,"シーク","シーク",5,0,"斜め下は危険"
7,"カービィ","CB",19,"ゼルダ","ゼルダ",2,7,"空中待機でガン攻め
地上はガードしない。
コピー"
7,"カービィ","CB",20,"ドクターマリオ","ドクマリ",5,0,""
7,"カービィ","CB",21,"ピチュー","ピチュー",6,1,"3%までは前投げ+空前が当たらない"
7,"カービィ","CB",22,"ファルコ","ファルコ",2,2,"強攻撃は当たらないので振らない
ガン攻め１歩手前待ち
空前/空後"
7,"カービィ","CB",23,"マルス","マルス",4,7,""
7,"カービィ","CB",24,"ルキナ","ルキナ",10,7,"真ん中待機
初手：下強＋空前
強攻撃　＋　空前　
下強　＋　空N
復帰阻止は少しだけ
コピーもありかもしれない"
7,"カービィ","CB",25,"こどもリンク","ヤンリン",0,4,"初回：引き行動

地上で相手が来るのを待つ
（１歩上がって2歩下がる）
ガード＋掴み回避
"
7,"カービィ","CB",26,"ガノンドルフ","ガノン",47,37,"引かない
撃墜：上スマ　　　　　　　　　　　　　　　　　　　　　　　　　　　　"
7,"カービィ","CB",27,"ミュウツー","M2",6,4,"しゃがみ姿勢
・上強・下強・吸い込み
・引き空前"
7,"カービィ","CB",28,"ロイ","ロイ",11,9,"上強＋下強"
7,"カービィ","CB",29,"クロム","クロム",6,5,"コピーして崖上狩り
下強＋上強
２回ジャンプ
擦られている時は弱攻撃？"
7,"カービィ","CB",30,"Mr.ゲーム&ウォッチ","ゲッチ",4,5,"3%までは前投げ+空前が当たらない"
7,"カービィ","CB",31,"メタナイト","メタ",2,1,"奥読み"
7,"カービィ","CB",32,"ピット・ブラックピット","ブラピ",7,8,"ガード＋掴み回避
DAは絶対に振ってはいけない。"
7,"カービィ","CB",34,"ゼロスーツサムス","ゼロサム",2,4,""
7,"カービィ","CB",35,"ワリオ","ワリオ",2,2,"対空の判定が強いので
地上で下強＋上強
上スマ"
7,"カービィ","CB",36,"スネーク","スネーク",2,8,"ガード掴み
掴み回避"
7,"カービィ","CB",37,"アイク","アイクラ",4,8,"ジャンプ禁止

コピーして崖上狩り
近づかない。

ガーキャン掴み
ガード長め"
7,"カービィ","CB",38,"ポケモントレーナー","ポケトレ",3,2,""
7,"カービィ","CB",39,"ディディーコング","DD",4,2,"ガード⇒掴み回避

危険：上スマの発生が速いので不用意に近づかない"
7,"カービィ","CB",40,"リュカ","リュカ",1,2,"0%は前投げ+空前が
当たらない"
7,"カービィ","CB",41,"ソニック","ソニック",2,1,"空N、DA、上強
ガード＋外回避"
7,"カービィ","CB",42,"デデデ","DDD",4,7,"ガード長め
その場上り、空前上り
空N、上B"
7,"カービィ","CB",43,"ピクミン＆オリマー","ピクオリ",0,1,""
7,"カービィ","CB",44,"ルカリオ","ルカリオ",3,0,""
7,"カービィ","CB",45,"ロボット","ロボット",5,4,"ガード長、掴まれたらレバガチャ

空上＋空上＋空前＋空上"
7,"カービィ","CB",46,"トゥーンリンク","トリン",2,4,""
7,"カービィ","CB",47,"ウルフ","ウルフ",5,7,"遠ざかれないように一定の距離を保ちつつ上強
防御：ガード＋掴み回避
攻撃：空上＋横強＋下強
空中暴れしない
"
7,"カービィ","CB",48,"むらびと","むらびと",0,3,"空N
ガーキャン掴み

崖近くの復帰は危険（玉が当たる）"
7,"カービィ","CB",49,"ロックマン","岩",2,1,""
7,"カービィ","CB",50,"Wii Fit トレーナー","フィットレ",1,1,""
7,"カービィ","CB",51,"ロゼッタ＆チコ","ロゼチコ",1,0,""
7,"カービィ","CB",52,"リトルマック","リトマ",16,14,"空中で待機"
7,"カービィ","CB",53,"ゲッコウガ","ゲコ",3,4,"ガード＋掴み回避
空中暴れしない
遠ざかれないように一定の距離を保ちつつ上強"
7,"カービィ","CB",54,"格闘Mii","カクミ",5,1,"ステップ防御"
7,"カービィ","CB",55,"剣術Mii","ケンミ",3,3,""
7,"カービィ","CB",56,"射撃Mii","シャゲミ",1,0,""
7,"カービィ","CB",57,"パルテナ","パルテナ",8,2,"掴み回避
ガード"
7,"カービィ","CB",58,"パックマン","金玉",1,2,""
7,"カービィ","CB",59,"ルフレ","ルフレ",2,0,""
7,"カービィ","CB",60,"シュルク","手越",8,3,""
7,"カービィ","CB",61,"クッパJr.","パジュニ",3,5,"初段：急降下空N、急降下空下、コピー
強攻撃は当たらないので控えめ

対空リーチが強いので早めに技を振るか逃げるに徹する。
撃墜はなるべく早く横スマや上スマをパナス"
7,"カービィ","CB",62,"ダックハント","犬",0,1,"捨てげー（着地狩りできない）
犬の目の前で引き空前

空上＋空前"
7,"カービィ","CB",63,"リュウ","リュウ",0,0,"掴めません
反転上強＋DA
下強＋空前

崖外に出ないで動かずガード安定。
（崖狩りが強いので難しい）"
7,"カービィ","CB",64,"ケン","剣",0,1,"掴めません
反転上強＋DA
下強＋空前

崖外に出ないで動かずガード安定。
（崖狩りが強いので難しい）"
7,"カービィ","CB",65,"クラウド","クラウド",13,7,"地上付近の空中攻撃
下強
掴み＋空下"
7,"カービィ","CB",66,"カムイ","カムイ",5,2,"しゃがみ＋ガード"
7,"カービィ","CB",67,"ベヨネッタ","ベヨネッタ",4,2,"防御 + 掴み
Y軸ずらし（外ずらし）
ジャンプは隙になるので控える
（特に相手が崖につかまってるとき）"
7,"カービィ","CB",68,"インクリング","イカ",2,3,"空上＋空N"
7,"カービィ","CB",69,"リドリー","リドリー",6,10,"地上戦
下強＋弱か上強で暴れる
（しゃがみ）
ガードしない
空中：その場回避、下回避"
7,"カービィ","CB",70,"シモン・リヒター","シモリヒ",1,0,"不用意に近づかない
ガード"
7,"カービィ","CB",72,"キングクルール","キンクル",15,19,"コピー
ガード短め
ジャンプ"
7,"カービィ","CB",73,"しずえ","しずえ",0,2,"崖から必ず戻るようにする（着地狩りが優秀）
上強"
7,"カービィ","CB",74,"ガオガエン","ガエン",2,6,"ガードしない
引き空前＋空下"
7,"カービィ","CB",75,"パックンフラワー","草",0,1,""
7,"カービィ","CB",76,"ジョーカー","J",11,9,"アルセイヌ中スマッシュ禁止
掴み回避多め
ガン攻め
"
7,"カービィ","CB",77,"勇者","勇者",11,5,"コピー有
空下＋空前
撃墜：空後"
7,"カービィ","CB",78,"バンジョー＆カズーイ","バンカズ",2,1,"ガン攻め（爆弾生成の隙を与えない）"
7,"カービィ","CB",79,"テリー","テリー",7,9,"ガード長め、先端の戦い
無理に空前打たない。反転上強＋下強
着地は遠目で
投げは無理（掴めない）
横回避＋弱攻撃"
7,"カービィ","CB",80,"ベレトス","ベレトス",13,10,"下強＋上強+空前"
7,"カービィ","CB",81,"ミェンミェン","メン",3,1,""
7,"カービィ","CB",82,"スティーブ","スティーブ",2,1,"引きステップ、引きジャンプ
⇒弱攻撃連打（内側横回避）"
7,"カービィ","CB",83,"セフィロス","セフィロス",11,9,"奥読み、近づいたら引く
無理して攻撃せずガン攻め下強チクチク攻撃
初手：ガード
終盤：掴み回避、
→撃墜：空N＋透かし空上＋空後
→撃墜：復帰阻止ストーン
→撃墜：横回避＋下スマ
→撃墜：ディレイ空N＋空上
"
7,"カービィ","CB",84,"ホムヒカ","ホムヒカ",10,9,"ステップ禁止、空後、直当て上強
空前、ガーキャン掴み、空前＋上強"
7,"カービィ","CB",85,"カズヤ","カズヤ",16,12,"ガード、下強
先端当て、掴み回避
崖上は真ん中待機
Y軸禁止"
7,"カービィ","CB",86,"ソラ","ソラ",11,9,"コピー有"
12,"キャプテン・ファルコン","CF",1,"マリオ","マリオ",2,0,""
12,"キャプテン・ファルコン","CF",2,"ドンキーコング","DK",0,2,""
12,"キャプテン・ファルコン","CF",3,"リンク","リンク",0,1,""
12,"キャプテン・ファルコン","CF",4,"サムス・ダークサムス","ダムス",1,0,"○：横強、上B"
12,"キャプテン・ファルコン","CF",6,"ヨッシー","ヨッシー",1,0,""
12,"キャプテン・ファルコン","CF",7,"カービィ","CB",2,0,""
12,"キャプテン・ファルコン","CF",8,"フォックス","FX",0,1,""
12,"キャプテン・ファルコン","CF",9,"ピカチュウ","ピカ",0,0,""
12,"キャプテン・ファルコン","CF",10,"ルイージ","L",0,1,""
12,"キャプテン・ファルコン","CF",11,"ネス","ネス",0,1,""
12,"キャプテン・ファルコン","CF",12,"キャプテン・ファルコン","CF",1,2,""
12,"キャプテン・ファルコン","CF",13,"プリン","プリン",0,1,"○：横B、横強
×：空N"
12,"キャプテン・ファルコン","CF",14,"ピーチ・デイジー","ピチデ",0,0,""
12,"キャプテン・ファルコン","CF",16,"クッパ","カメ",1,0,""
12,"キャプテン・ファルコン","CF",17,"アイスクライマー","アイクラ",0,0,""
12,"キャプテン・ファルコン","CF",18,"シーク","シーク",0,0,""
12,"キャプテン・ファルコン","CF",19,"ゼルダ","ゼルダ",0,1,""
12,"キャプテン・ファルコン","CF",20,"ドクターマリオ","ドクマリ",0,1,""
12,"キャプテン・ファルコン","CF",21,"ピチュー","ピチュー",0,0,""
12,"キャプテン・ファルコン","CF",22,"ファルコ","ファルコ",1,1,""
12,"キャプテン・ファルコン","CF",23,"マルス","マルス",2,0,"×：復帰阻止"
12,"キャプテン・ファルコン","CF",24,"ルキナ","ルキナ",1,2,"○：横B、空上
×：空N"
12,"キャプテン・ファルコン","CF",25,"こどもリンク","ヤンリン",1,1,"○：上B
×：膝"
12,"キャプテン・ファルコン","CF",26,"ガノンドルフ","ガノン",3,2,""
12,"キャプテン・ファルコン","CF",27,"ミュウツー","M2",0,0,""
12,"キャプテン・ファルコン","CF",28,"ロイ","ロイ",1,2,""
12,"キャプテン・ファルコン","CF",29,"クロム","クロム",0,0,""
12,"キャプテン・ファルコン","CF",30,"Mr.ゲーム&ウォッチ","ゲッチ",0,0,""
12,"キャプテン・ファルコン","CF",31,"メタナイト","メタ",0,0,""
12,"キャプテン・ファルコン","CF",32,"ピット・ブラックピット","ブラピ",2,0,"○：地上差し込み
×：空中差し込み"
12,"キャプテン・ファルコン","CF",34,"ゼロスーツサムス","ゼロサム",2,0,""
12,"キャプテン・ファルコン","CF",35,"ワリオ","ワリオ",1,0,""
12,"キャプテン・ファルコン","CF",36,"スネーク","スネーク",0,0,""
12,"キャプテン・ファルコン","CF",37,"アイク","アイクラ",0,1,""
12,"キャプテン・ファルコン","CF",38,"ポケモントレーナー","ポケトレ",0,0,""
12,"キャプテン・ファルコン","CF",39,"ディディーコング","DD",0,0,""
12,"キャプテン・ファルコン","CF",40,"リュカ","リュカ",0,0,""
12,"キャプテン・ファルコン","CF",41,"ソニック","ソニック",0,0,""
12,"キャプテン・ファルコン","CF",42,"デデデ","DDD",0,0,""
12,"キャプテン・ファルコン","CF",43,"ピクミン＆オリマー","ピクオリ",0,0,""
12,"キャプテン・ファルコン","CF",44,"ルカリオ","ルカリオ",0,0,""
12,"キャプテン・ファルコン","CF",45,"ロボット","ロボット",0,1,""
12,"キャプテン・ファルコン","CF",46,"トゥーンリンク","トリン",0,0,""
12,"キャプテン・ファルコン","CF",47,"ウルフ","ウルフ",0,0,""
12,"キャプテン・ファルコン","CF",48,"むらびと","むらびと",1,0,""
12,"キャプテン・ファルコン","CF",49,"ロックマン","岩",0,0,""
12,"キャプテン・ファルコン","CF",50,"Wii Fit トレーナー","フィットレ",0,0,""
12,"キャプテン・ファルコン","CF",51,"ロゼッタ＆チコ","ロゼチコ",0,1,"絶対に勝てない。諦めて待ってろ"
12,"キャプテン・ファルコン","CF",52,"リトルマック","リトマ",0,1,""
12,"キャプテン・ファルコン","CF",53,"ゲッコウガ","ゲコ",0,0,""
12,"キャプテン・ファルコン","CF",54,"格闘Mii","カクミ",1,0,""
12,"キャプテン・ファルコン","CF",55,"剣術Mii","ケンミ",0,0,""
12,"キャプテン・ファルコン","CF",56,"射撃Mii","シャゲミ",0,0,""
12,"キャプテン・ファルコン","CF",57,"パルテナ","パルテナ",0,0,""
12,"キャプテン・ファルコン","CF",58,"パックマン","金玉",0,0,""
12,"キャプテン・ファルコン","CF",59,"ルフレ","ルフレ",0,0,""
12,"キャプテン・ファルコン","CF",60,"シュルク","手越",0,0,""
12,"キャプテン・ファルコン","CF",61,"クッパJr.","パジュニ",0,0,""
12,"キャプテン・ファルコン","CF",62,"ダックハント","犬",0,0,""
12,"キャプテン・ファルコン","CF",63,"リュウ","リュウ",0,0,""
12,"キャプテン・ファルコン","CF",64,"ケン","剣",0,0,""
12,"キャプテン・ファルコン","CF",65,"クラウド","クラウド",2,1,""
12,"キャプテン・ファルコン","CF",66,"カムイ","カムイ",1,0,""
12,"キャプテン・ファルコン","CF",67,"ベヨネッタ","ベヨネッタ",0,0,""
12,"キャプテン・ファルコン","CF",68,"インクリング","イカ",0,0,""
12,"キャプテン・ファルコン","CF",69,"リドリー","リドリー",0,2,""
12,"キャプテン・ファルコン","CF",70,"シモン・リヒター","シモリヒ",0,0,""
12,"キャプテン・ファルコン","CF",72,"キングクルール","キンクル",2,3,""
12,"キャプテン・ファルコン","CF",73,"しずえ","しずえ",0,0,""
12,"キャプテン・ファルコン","CF",74,"ガオガエン","ガエン",0,0,"○：飛ばない、置き技、引き行動
×：空下、空中から近づくこと"
12,"キャプテン・ファルコン","CF",75,"パックンフラワー","草",0,0,""
12,"キャプテン・ファルコン","CF",76,"ジョーカー","J",3,0,"○：横強、下強、上B（基本は攻めたら負け）
×：前に飛ぶな。"
12,"キャプテン・ファルコン","CF",77,"勇者","勇者",0,0,""
12,"キャプテン・ファルコン","CF",78,"バンジョー＆カズーイ","バンカズ",0,0,""
12,"キャプテン・ファルコン","CF",79,"テリー","テリー",0,1,""
12,"キャプテン・ファルコン","CF",80,"ベレトス","ベレトス",0,0,""
12,"キャプテン・ファルコン","CF",81,"ミェンミェン","メン",0,0,""
12,"キャプテン・ファルコン","CF",82,"スティーブ","スティーブ",1,1,""
12,"キャプテン・ファルコン","CF",83,"セフィロス","セフィロス",0,1,""
12,"キャプテン・ファルコン","CF",84,"ホムヒカ","ホムヒカ",1,0,""
12,"キャプテン・ファルコン","CF",85,"カズヤ","カズヤ",1,0,""
12,"キャプテン・ファルコン","CF",86,"ソラ","ソラ",1,0,""
16,"クッパ","カメ",1,"マリオ","マリオ",1,0,""
16,"クッパ","カメ",2,"ドンキーコング","DK",0,0,""
16,"クッパ","カメ",3,"リンク","リンク",0,0,""
16,"クッパ","カメ",4,"サムス・ダークサムス","ダムス",0,0,""
16,"クッパ","カメ",6,"ヨッシー","ヨッシー",1,0,""
16,"クッパ","カメ",7,"カービィ","CB",0,0,""
16,"クッパ","カメ",8,"フォックス","FX",0,0,""
16,"クッパ","カメ",9,"ピカチュウ","ピカ",0,0,""
16,"クッパ","カメ",10,"ルイージ","L",0,0,""
16,"クッパ","カメ",11,"ネス","ネス",0,0,""
16,"クッパ","カメ",12,"キャプテン・ファルコン","CF",0,0,""
16,"クッパ","カメ",13,"プリン","プリン",0,0,""
16,"クッパ","カメ",14,"ピーチ・デイジー","ピチデ",0,0,""
16,"クッパ","カメ",16,"クッパ","カメ",0,0,""
16,"クッパ","カメ",17,"アイスクライマー","アイクラ",0,0,""
16,"クッパ","カメ",18,"シーク","シーク",0,0,""
16,"クッパ","カメ",19,"ゼルダ","ゼルダ",0,0,""
16,"クッパ","カメ",20,"ドクターマリオ","ドクマリ",0,1,""
16,"クッパ","カメ",21,"ピチュー","ピチュー",0,0,""
16,"クッパ","カメ",22,"ファルコ","ファルコ",0,0,""
16,"クッパ","カメ",23,"マルス","マルス",0,0,""
16,"クッパ","カメ",24,"ルキナ","ルキナ",0,0,""
16,"クッパ","カメ",25,"こどもリンク","ヤンリン",0,0,""
16,"クッパ","カメ",26,"ガノンドルフ","ガノン",0,1,""
16,"クッパ","カメ",27,"ミュウツー","M2",0,0,""
16,"クッパ","カメ",28,"ロイ","ロイ",0,0,""
16,"クッパ","カメ",29,"クロム","クロム",0,0,""
16,"クッパ","カメ",30,"Mr.ゲーム&ウォッチ","ゲッチ",0,0,""
16,"クッパ","カメ",31,"メタナイト","メタ",0,0,""
16,"クッパ","カメ",32,"ピット・ブラックピット","ブラピ",0,0,""
16,"クッパ","カメ",34,"ゼロスーツサムス","ゼロサム",0,0,""
16,"クッパ","カメ",35,"ワリオ","ワリオ",0,0,""
16,"クッパ","カメ",36,"スネーク","スネーク",0,0,""
16,"クッパ","カメ",37,"アイク","アイクラ",0,0,""
16,"クッパ","カメ",38,"ポケモントレーナー","ポケトレ",0,0,""
16,"クッパ","カメ",39,"ディディーコング","DD",0,0,""
16,"クッパ","カメ",40,"リュカ","リュカ",0,0,""
16,"クッパ","カメ",41,"ソニック","ソニック",0,0,""
16,"クッパ","カメ",42,"デデデ","DDD",0,0,""
16,"クッパ","カメ",43,"ピクミン＆オリマー","ピクオリ",0,0,""
16,"クッパ","カメ",44,"ルカリオ","ルカリオ",1,0,""
16,"クッパ","カメ",45,"ロボット","ロボット",0,0,""
16,"クッパ","カメ",46,"トゥーンリンク","トリン",0,0,""
16,"クッパ","カメ",47,"ウルフ","ウルフ",0,0,""
16,"クッパ","カメ",48,"むらびと","むらびと",0,0,""
16,"クッパ","カメ",49,"ロックマン","岩",0,0,""
16,"クッパ","カメ",50,"Wii Fit トレーナー","フィットレ",0,0,""
16,"クッパ","カメ",51,"ロゼッタ＆チコ","ロゼチコ",0,0,""
16,"クッパ","カメ",52,"リトルマック","リトマ",1,0,""
16,"クッパ","カメ",53,"ゲッコウガ","ゲコ",0,0,""
16,"クッパ","カメ",54,"格闘Mii","カクミ",0,0,""
16,"クッパ","カメ",55,"剣術Mii","ケンミ",0,0,""
16,"クッパ","カメ",56,"射撃Mii","シャゲミ",0,0,""
16,"クッパ","カメ",57,"パルテナ","パルテナ",1,0,""
16,"クッパ","カメ",58,"パックマン","金玉",0,0,""
16,"クッパ","カメ",59,"ルフレ","ルフレ",0,0,""
16,"クッパ","カメ",60,"シュルク","手越",0,0,""
16,"クッパ","カメ",61,"クッパJr.","パジュニ",0,0,""
16,"クッパ","カメ",62,"ダックハント","犬",0,0,""
16,"クッパ","カメ",63,"リュウ","リュウ",0,0,""
16,"クッパ","カメ",64,"ケン","剣",0,0,""
16,"クッパ","カメ",65,"クラウド","クラウド",0,0,""
16,"クッパ","カメ",66,"カムイ","カムイ",0,0,""
16,"クッパ","カメ",67,"ベヨネッタ","ベヨネッタ",0,0,""
16,"クッパ","カメ",68,"インクリング","イカ",0,0,""
16,"クッパ","カメ",69,"リドリー","リドリー",0,0,""
16,"クッパ","カメ",70,"シモン・リヒター","シモリヒ",0,0,""
16,"クッパ","カメ",72,"キングクルール","キンクル",0,0,""
16,"クッパ","カメ",73,"しずえ","しずえ",0,0,""
16,"クッパ","カメ",74,"ガオガエン","ガエン",0,0,""
16,"クッパ","カメ",75,"パックンフラワー","草",0,0,""
16,"クッパ","カメ",76,"ジョーカー","J",0,0,""
16,"クッパ","カメ",77,"勇者","勇者",0,0,""
16,"クッパ","カメ",78,"バンジョー＆カズーイ","バンカズ",1,0,""
16,"クッパ","カメ",79,"テリー","テリー",0,0,""
16,"クッパ","カメ",80,"ベレトス","ベレトス",0,0,""
16,"クッパ","カメ",81,"ミェンミェン","メン",0,0,""
16,"クッパ","カメ",82,"スティーブ","スティーブ",0,0,""
16,"クッパ","カメ",83,"セフィロス","セフィロス",0,0,""
16,"クッパ","カメ",84,"ホムヒカ","ホムヒカ",0,0,""
16,"クッパ","カメ",85,"カズヤ","カズヤ",0,1,""
16,"クッパ","カメ",86,"ソラ","ソラ",0,0,""
26,"ガノンドルフ","ガノン",1,"マリオ","マリオ",4,0,"○：空上、降り空N
×：着地暴れ"
26,"ガノンドルフ","ガノン",2,"ドンキーコング","DK",0,3,"○：上B、下スマ、空N、横B
△：空後、空前"
26,"ガノンドルフ","ガノン",3,"リンク","リンク",1,0,""
26,"ガノンドルフ","ガノン",4,"サムス・ダークサムス","ダムス",1,0,""
26,"ガノンドルフ","ガノン",6,"ヨッシー","ヨッシー",2,0,""
26,"ガノンドルフ","ガノン",7,"カービィ","CB",2,2,"○：スマッシュ全般
×：上B"
26,"ガノンドルフ","ガノン",8,"フォックス","FX",0,1,""
26,"ガノンドルフ","ガノン",9,"ピカチュウ","ピカ",2,2,""
26,"ガノンドルフ","ガノン",10,"ルイージ","L",0,0,""
26,"ガノンドルフ","ガノン",11,"ネス","ネス",0,2,""
26,"ガノンドルフ","ガノン",12,"キャプテン・ファルコン","CF",1,0,""
26,"ガノンドルフ","ガノン",13,"プリン","プリン",5,3,"○：スマッシュ、空後、空N、弱
×：横B"
26,"ガノンドルフ","ガノン",14,"ピーチ・デイジー","ピチデ",0,0,""
26,"ガノンドルフ","ガノン",16,"クッパ","カメ",1,3,""
26,"ガノンドルフ","ガノン",17,"アイスクライマー","アイクラ",0,2,"〇：下強、空前、れっき
×：空N、横B"
26,"ガノンドルフ","ガノン",18,"シーク","シーク",0,0,""
26,"ガノンドルフ","ガノン",19,"ゼルダ","ゼルダ",0,1,""
26,"ガノンドルフ","ガノン",20,"ドクターマリオ","ドクマリ",0,0,""
26,"ガノンドルフ","ガノン",21,"ピチュー","ピチュー",1,1,""
26,"ガノンドルフ","ガノン",22,"ファルコ","ファルコ",1,0,""
26,"ガノンドルフ","ガノン",23,"マルス","マルス",2,2,"×：横強
〇：下強　＋　空N　を交互に"
26,"ガノンドルフ","ガノン",24,"ルキナ","ルキナ",0,0,""
26,"ガノンドルフ","ガノン",25,"こどもリンク","ヤンリン",0,1,"空Nが当たりません
ダメージ：近づいて降り空上？、滑り横強、弱
撃墜：スマッシュ
レッキャクなら少し近づく動作してから打たないと当たってくれない。"
26,"ガノンドルフ","ガノン",26,"ガノンドルフ","ガノン",9,5,""
26,"ガノンドルフ","ガノン",27,"ミュウツー","M2",0,3,""
26,"ガノンドルフ","ガノン",28,"ロイ","ロイ",2,2,"近づいてはいけない。
○；弱、れっき、DA、空下
△：横B、空N"
26,"ガノンドルフ","ガノン",29,"クロム","クロム",0,0,""
26,"ガノンドルフ","ガノン",30,"Mr.ゲーム&ウォッチ","ゲッチ",0,1,"不利
基本勝てないのでバカになろう。（スマッシュわっふぉい）"
26,"ガノンドルフ","ガノン",31,"メタナイト","メタ",0,1,""
26,"ガノンドルフ","ガノン",32,"ピット・ブラックピット","ブラピ",2,3,"○：ガード掴み、れっき、空上
△：空N、下強"
26,"ガノンドルフ","ガノン",34,"ゼロスーツサムス","ゼロサム",1,0,""
26,"ガノンドルフ","ガノン",35,"ワリオ","ワリオ",0,0,""
26,"ガノンドルフ","ガノン",36,"スネーク","スネーク",1,1,""
26,"ガノンドルフ","ガノン",37,"アイク","アイクラ",0,4,"〇：空前、空N
×：空下"
26,"ガノンドルフ","ガノン",38,"ポケモントレーナー","ポケトレ",0,0,""
26,"ガノンドルフ","ガノン",39,"ディディーコング","DD",0,0,""
26,"ガノンドルフ","ガノン",40,"リュカ","リュカ",1,2,""
26,"ガノンドルフ","ガノン",41,"ソニック","ソニック",0,0,""
26,"ガノンドルフ","ガノン",42,"デデデ","DDD",0,1,""
26,"ガノンドルフ","ガノン",43,"ピクミン＆オリマー","ピクオリ",0,0,""
26,"ガノンドルフ","ガノン",44,"ルカリオ","ルカリオ",0,0,""
26,"ガノンドルフ","ガノン",45,"ロボット","ロボット",1,0,""
26,"ガノンドルフ","ガノン",46,"トゥーンリンク","トリン",0,0,""
26,"ガノンドルフ","ガノン",47,"ウルフ","ウルフ",2,0,""
26,"ガノンドルフ","ガノン",48,"むらびと","むらびと",0,0,""
26,"ガノンドルフ","ガノン",49,"ロックマン","岩",0,0,""
26,"ガノンドルフ","ガノン",50,"Wii Fit トレーナー","フィットレ",0,0,""
26,"ガノンドルフ","ガノン",51,"ロゼッタ＆チコ","ロゼチコ",0,0,""
26,"ガノンドルフ","ガノン",52,"リトルマック","リトマ",1,2,""
26,"ガノンドルフ","ガノン",53,"ゲッコウガ","ゲコ",1,0,""
26,"ガノンドルフ","ガノン",54,"格闘Mii","カクミ",0,2,""
26,"ガノンドルフ","ガノン",55,"剣術Mii","ケンミ",0,0,""
26,"ガノンドルフ","ガノン",56,"射撃Mii","シャゲミ",0,0,""
26,"ガノンドルフ","ガノン",57,"パルテナ","パルテナ",0,0,""
26,"ガノンドルフ","ガノン",58,"パックマン","金玉",0,0,""
26,"ガノンドルフ","ガノン",59,"ルフレ","ルフレ",1,1,""
26,"ガノンドルフ","ガノン",60,"シュルク","手越",0,0,""
26,"ガノンドルフ","ガノン",61,"クッパJr.","パジュニ",0,0,""
26,"ガノンドルフ","ガノン",62,"ダックハント","犬",1,0,""
26,"ガノンドルフ","ガノン",63,"リュウ","リュウ",2,0,""
26,"ガノンドルフ","ガノン",64,"ケン","剣",3,0,"○：空N"
26,"ガノンドルフ","ガノン",65,"クラウド","クラウド",1,2,"崖上ガーキャン弱・横強、降り空N
上スマ"
26,"ガノンドルフ","ガノン",66,"カムイ","カムイ",0,0,""
26,"ガノンドルフ","ガノン",67,"ベヨネッタ","ベヨネッタ",0,0,""
26,"ガノンドルフ","ガノン",68,"インクリング","イカ",0,0,""
26,"ガノンドルフ","ガノン",69,"リドリー","リドリー",0,0,""
26,"ガノンドルフ","ガノン",70,"シモン・リヒター","シモリヒ",0,0,""
26,"ガノンドルフ","ガノン",72,"キングクルール","キンクル",3,5,""
26,"ガノンドルフ","ガノン",73,"しずえ","しずえ",0,0,""
26,"ガノンドルフ","ガノン",74,"ガオガエン","ガエン",0,1,""
26,"ガノンドルフ","ガノン",75,"パックンフラワー","草",0,0,""
26,"ガノンドルフ","ガノン",76,"ジョーカー","J",2,0,""
26,"ガノンドルフ","ガノン",77,"勇者","勇者",0,0,"○：掴み回避、下強
×：ジャンプ"
26,"ガノンドルフ","ガノン",78,"バンジョー＆カズーイ","バンカズ",0,0,""
26,"ガノンドルフ","ガノン",79,"テリー","テリー",0,1,""
26,"ガノンドルフ","ガノン",80,"ベレトス","ベレトス",0,1,""
26,"ガノンドルフ","ガノン",81,"ミェンミェン","メン",0,0,""
26,"ガノンドルフ","ガノン",82,"スティーブ","スティーブ",2,2,""
26,"ガノンドルフ","ガノン",83,"セフィロス","セフィロス",1,1,""
26,"ガノンドルフ","ガノン",84,"ホムヒカ","ホムヒカ",2,0,"基本勝てないので真面目に戦わないこと"
26,"ガノンドルフ","ガノン",85,"カズヤ","カズヤ",1,1,""
26,"ガノンドルフ","ガノン",86,"ソラ","ソラ",0,2,"超不利
上スマぶんぶん
空下ぶんぶん"
27,"ミュウツー","M2",1,"マリオ","マリオ",0,0,""
27,"ミュウツー","M2",2,"ドンキーコング","DK",1,0,""
27,"ミュウツー","M2",3,"リンク","リンク",0,0,""
27,"ミュウツー","M2",4,"サムス・ダークサムス","ダムス",0,0,""
27,"ミュウツー","M2",6,"ヨッシー","ヨッシー",0,0,""
27,"ミュウツー","M2",7,"カービィ","CB",0,0,""
27,"ミュウツー","M2",8,"フォックス","FX",0,0,""
27,"ミュウツー","M2",9,"ピカチュウ","ピカ",0,0,""
27,"ミュウツー","M2",10,"ルイージ","L",0,0,""
27,"ミュウツー","M2",11,"ネス","ネス",0,0,""
27,"ミュウツー","M2",12,"キャプテン・ファルコン","CF",0,0,""
27,"ミュウツー","M2",13,"プリン","プリン",0,0,""
27,"ミュウツー","M2",14,"ピーチ・デイジー","ピチデ",0,0,""
27,"ミュウツー","M2",16,"クッパ","カメ",1,0,""
27,"ミュウツー","M2",17,"アイスクライマー","アイクラ",0,0,""
27,"ミュウツー","M2",18,"シーク","シーク",0,0,""
27,"ミュウツー","M2",19,"ゼルダ","ゼルダ",0,0,""
27,"ミュウツー","M2",20,"ドクターマリオ","ドクマリ",0,0,""
27,"ミュウツー","M2",21,"ピチュー","ピチュー",0,0,""
27,"ミュウツー","M2",22,"ファルコ","ファルコ",0,0,""
27,"ミュウツー","M2",23,"マルス","マルス",0,0,""
27,"ミュウツー","M2",24,"ルキナ","ルキナ",0,0,""
27,"ミュウツー","M2",25,"こどもリンク","ヤンリン",0,0,""
27,"ミュウツー","M2",26,"ガノンドルフ","ガノン",3,0,""
27,"ミュウツー","M2",27,"ミュウツー","M2",0,0,""
27,"ミュウツー","M2",28,"ロイ","ロイ",0,0,""
27,"ミュウツー","M2",29,"クロム","クロム",0,0,""
27,"ミュウツー","M2",30,"Mr.ゲーム&ウォッチ","ゲッチ",0,0,""
27,"ミュウツー","M2",31,"メタナイト","メタ",0,0,""
27,"ミュウツー","M2",32,"ピット・ブラックピット","ブラピ",0,0,""
27,"ミュウツー","M2",34,"ゼロスーツサムス","ゼロサム",0,0,""
27,"ミュウツー","M2",35,"ワリオ","ワリオ",0,0,""
27,"ミュウツー","M2",36,"スネーク","スネーク",0,0,""
27,"ミュウツー","M2",37,"アイク","アイクラ",0,0,""
27,"ミュウツー","M2",38,"ポケモントレーナー","ポケトレ",0,0,""
27,"ミュウツー","M2",39,"ディディーコング","DD",0,0,""
27,"ミュウツー","M2",40,"リュカ","リュカ",0,0,""
27,"ミュウツー","M2",41,"ソニック","ソニック",0,0,""
27,"ミュウツー","M2",42,"デデデ","DDD",0,0,""
27,"ミュウツー","M2",43,"ピクミン＆オリマー","ピクオリ",0,0,""
27,"ミュウツー","M2",44,"ルカリオ","ルカリオ",0,0,""
27,"ミュウツー","M2",45,"ロボット","ロボット",0,0,""
27,"ミュウツー","M2",46,"トゥーンリンク","トリン",0,0,""
27,"ミュウツー","M2",47,"ウルフ","ウルフ",0,1,""
27,"ミュウツー","M2",48,"むらびと","むらびと",0,0,""
27,"ミュウツー","M2",49,"ロックマン","岩",0,0,""
27,"ミュウツー","M2",50,"Wii Fit トレーナー","フィットレ",0,0,""
27,"ミュウツー","M2",51,"ロゼッタ＆チコ","ロゼチコ",0,0,""
27,"ミュウツー","M2",52,"リトルマック","リトマ",1,0,""
27,"ミュウツー","M2",53,"ゲッコウガ","ゲコ",0,0,""
27,"ミュウツー","M2",54,"格闘Mii","カクミ",0,0,""
27,"ミュウツー","M2",55,"剣術Mii","ケンミ",0,0,""
27,"ミュウツー","M2",56,"射撃Mii","シャゲミ",0,0,""
27,"ミュウツー","M2",57,"パルテナ","パルテナ",1,0,""
27,"ミュウツー","M2",58,"パックマン","金玉",0,0,""
27,"ミュウツー","M2",59,"ルフレ","ルフレ",0,0,""
27,"ミュウツー","M2",60,"シュルク","手越",0,0,""
27,"ミュウツー","M2",61,"クッパJr.","パジュニ",0,0,""
27,"ミュウツー","M2",62,"ダックハント","犬",0,1,""
27,"ミュウツー","M2",63,"リュウ","リュウ",0,0,""
27,"ミュウツー","M2",64,"ケン","剣",0,0,""
27,"ミュウツー","M2",65,"クラウド","クラウド",0,0,""
27,"ミュウツー","M2",66,"カムイ","カムイ",0,0,""
27,"ミュウツー","M2",67,"ベヨネッタ","ベヨネッタ",0,0,""
27,"ミュウツー","M2",68,"インクリング","イカ",0,0,""
27,"ミュウツー","M2",69,"リドリー","リドリー",0,0,""
27,"ミュウツー","M2",70,"シモン・リヒター","シモリヒ",0,1,""
27,"ミュウツー","M2",72,"キングクルール","キンクル",0,0,""
27,"ミュウツー","M2",73,"しずえ","しずえ",0,0,""
27,"ミュウツー","M2",74,"ガオガエン","ガエン",0,0,""
27,"ミュウツー","M2",75,"パックンフラワー","草",0,0,""
27,"ミュウツー","M2",76,"ジョーカー","J",0,0,""
27,"ミュウツー","M2",77,"勇者","勇者",0,0,""
27,"ミュウツー","M2",78,"バンジョー＆カズーイ","バンカズ",0,0,""
27,"ミュウツー","M2",79,"テリー","テリー",0,0,""
27,"ミュウツー","M2",80,"ベレトス","ベレトス",0,0,""
27,"ミュウツー","M2",81,"ミェンミェン","メン",0,0,""
27,"ミュウツー","M2",82,"スティーブ","スティーブ",0,1,""
27,"ミュウツー","M2",83,"セフィロス","セフィロス",0,0,""
27,"ミュウツー","M2",84,"ホムヒカ","ホムヒカ",0,0,""
27,"ミュウツー","M2",85,"カズヤ","カズヤ",0,0,""
27,"ミュウツー","M2",86,"ソラ","ソラ",0,0,""
57,"パルテナ","パルテナ",1,"マリオ","マリオ",0,1,""
57,"パルテナ","パルテナ",2,"ドンキーコング","DK",0,2,""
57,"パルテナ","パルテナ",3,"リンク","リンク",0,1,""
57,"パルテナ","パルテナ",4,"サムス・ダークサムス","ダムス",1,1,"○：NB、上スマ、下スマ
×：横強"
57,"パルテナ","パルテナ",6,"ヨッシー","ヨッシー",0,0,""
57,"パルテナ","パルテナ",7,"カービィ","CB",3,0,"横B、上スマ、横スマ"
57,"パルテナ","パルテナ",8,"フォックス","FX",0,0,""
57,"パルテナ","パルテナ",9,"ピカチュウ","ピカ",0,1,""
57,"パルテナ","パルテナ",10,"ルイージ","L",1,0,"○：NB、横B"
57,"パルテナ","パルテナ",11,"ネス","ネス",1,0,""
57,"パルテナ","パルテナ",12,"キャプテン・ファルコン","CF",0,2,""
57,"パルテナ","パルテナ",13,"プリン","プリン",0,0,""
57,"パルテナ","パルテナ",14,"ピーチ・デイジー","ピチデ",0,0,""
57,"パルテナ","パルテナ",16,"クッパ","カメ",0,1,""
57,"パルテナ","パルテナ",17,"アイスクライマー","アイクラ",0,0,""
57,"パルテナ","パルテナ",18,"シーク","シーク",0,1,"少し不利
○：掴み、空N、空前、空後
×：横強、空上、下強、カウンター"
57,"パルテナ","パルテナ",19,"ゼルダ","ゼルダ",1,0,"○：NB+掴み、横B
横スマ
△：カウンター"
57,"パルテナ","パルテナ",20,"ドクターマリオ","ドクマリ",0,0,""
57,"パルテナ","パルテナ",21,"ピチュー","ピチュー",0,1,""
57,"パルテナ","パルテナ",22,"ファルコ","ファルコ",1,0,"相手が着地している時は、ガードするといい"
57,"パルテナ","パルテナ",23,"マルス","マルス",0,0,""
57,"パルテナ","パルテナ",24,"ルキナ","ルキナ",0,0,""
57,"パルテナ","パルテナ",25,"こどもリンク","ヤンリン",0,0,""
57,"パルテナ","パルテナ",26,"ガノンドルフ","ガノン",2,2,""
57,"パルテナ","パルテナ",27,"ミュウツー","M2",2,0,"有利：崖待機に近づかず横Bでけん制
○：NB、横B、空上、掴み"
57,"パルテナ","パルテナ",28,"ロイ","ロイ",0,2,""
57,"パルテナ","パルテナ",29,"クロム","クロム",1,0,"○：カウンター、空上、空N、弱
×：横B"
57,"パルテナ","パルテナ",30,"Mr.ゲーム&ウォッチ","ゲッチ",1,0,""
57,"パルテナ","パルテナ",31,"メタナイト","メタ",0,0,""
57,"パルテナ","パルテナ",32,"ピット・ブラックピット","ブラピ",0,0,""
57,"パルテナ","パルテナ",34,"ゼロスーツサムス","ゼロサム",0,2,""
57,"パルテナ","パルテナ",35,"ワリオ","ワリオ",0,0,""
57,"パルテナ","パルテナ",36,"スネーク","スネーク",0,0,""
57,"パルテナ","パルテナ",37,"アイク","アイクラ",1,0,""
57,"パルテナ","パルテナ",38,"ポケモントレーナー","ポケトレ",0,0,""
57,"パルテナ","パルテナ",39,"ディディーコング","DD",0,1,"微不利：気を付けて戦おう。無理そうなら下スマ連打で
○：弱
△：空N"
57,"パルテナ","パルテナ",40,"リュカ","リュカ",1,0,"○：横Bで回復させるモーションを入れさせる。、掴み、空下
降り空前
△：空N

撃墜：上スマ、下スマ"
57,"パルテナ","パルテナ",41,"ソニック","ソニック",0,0,""
57,"パルテナ","パルテナ",42,"デデデ","DDD",0,0,""
57,"パルテナ","パルテナ",43,"ピクミン＆オリマー","ピクオリ",0,0,""
57,"パルテナ","パルテナ",44,"ルカリオ","ルカリオ",0,0,""
57,"パルテナ","パルテナ",45,"ロボット","ロボット",0,0,""
57,"パルテナ","パルテナ",46,"トゥーンリンク","トリン",0,0,""
57,"パルテナ","パルテナ",47,"ウルフ","ウルフ",0,0,""
57,"パルテナ","パルテナ",48,"むらびと","むらびと",0,0,""
57,"パルテナ","パルテナ",49,"ロックマン","岩",0,0,""
57,"パルテナ","パルテナ",50,"Wii Fit トレーナー","フィットレ",0,0,""
57,"パルテナ","パルテナ",51,"ロゼッタ＆チコ","ロゼチコ",0,0,""
57,"パルテナ","パルテナ",52,"リトルマック","リトマ",2,1,"○：崖降り空N、弱、掴み、スマッシュ、空上、空下
△：空N、横強、空前、横B"
57,"パルテナ","パルテナ",53,"ゲッコウガ","ゲコ",1,0,""
57,"パルテナ","パルテナ",54,"格闘Mii","カクミ",0,0,""
57,"パルテナ","パルテナ",55,"剣術Mii","ケンミ",0,0,""
57,"パルテナ","パルテナ",56,"射撃Mii","シャゲミ",0,0,""
57,"パルテナ","パルテナ",57,"パルテナ","パルテナ",1,0,""
57,"パルテナ","パルテナ",58,"パックマン","金玉",0,0,""
57,"パルテナ","パルテナ",59,"ルフレ","ルフレ",0,0,""
57,"パルテナ","パルテナ",60,"シュルク","手越",0,0,""
57,"パルテナ","パルテナ",61,"クッパJr.","パジュニ",1,0,""
57,"パルテナ","パルテナ",62,"ダックハント","犬",0,0,""
57,"パルテナ","パルテナ",63,"リュウ","リュウ",0,0,""
57,"パルテナ","パルテナ",64,"ケン","剣",1,0,""
57,"パルテナ","パルテナ",65,"クラウド","クラウド",0,0,"○：降り空上、空N、NB
△：横B"
57,"パルテナ","パルテナ",66,"カムイ","カムイ",1,1,"○：横B、掴み、弱、降り空N
△：空N（上り）、空前、空上、DA"
57,"パルテナ","パルテナ",67,"ベヨネッタ","ベヨネッタ",0,0,""
57,"パルテナ","パルテナ",68,"インクリング","イカ",0,0,""
57,"パルテナ","パルテナ",69,"リドリー","リドリー",1,0,""
57,"パルテナ","パルテナ",70,"シモン・リヒター","シモリヒ",0,1,""
57,"パルテナ","パルテナ",72,"キングクルール","キンクル",0,2,"○：空上、空N
△：上スマ、横強"
57,"パルテナ","パルテナ",73,"しずえ","しずえ",0,0,""
57,"パルテナ","パルテナ",74,"ガオガエン","ガエン",0,0,""
57,"パルテナ","パルテナ",75,"パックンフラワー","草",0,0,""
57,"パルテナ","パルテナ",76,"ジョーカー","J",0,1,""
57,"パルテナ","パルテナ",77,"勇者","勇者",0,0,""
57,"パルテナ","パルテナ",78,"バンジョー＆カズーイ","バンカズ",0,0,""
57,"パルテナ","パルテナ",79,"テリー","テリー",0,0,""
57,"パルテナ","パルテナ",80,"ベレトス","ベレトス",2,0,""
57,"パルテナ","パルテナ",81,"ミェンミェン","メン",0,0,""
57,"パルテナ","パルテナ",82,"スティーブ","スティーブ",0,1,""
57,"パルテナ","パルテナ",83,"セフィロス","セフィロス",0,2,"○：NB"
57,"パルテナ","パルテナ",84,"ホムヒカ","ホムヒカ",0,0,""
57,"パルテナ","パルテナ",85,"カズヤ","カズヤ",1,1,"○：横B、横スマ
△：空N"
57,"パルテナ","パルテナ",86,"ソラ","ソラ",1,0,"空Nに対してはしっかりまでちゃんとガードする。
○：投げ＋空上"
86,"ソラ","ソラ",1,"マリオ","マリオ",3,2,"崖上空後、横スマ、横B、ブリザガ"
86,"ソラ","ソラ",2,"ドンキーコング","DK",2,2,"降り空上、空N"
86,"ソラ","ソラ",3,"リンク","リンク",0,0,""
86,"ソラ","ソラ",4,"サムス・ダークサムス","ダムス",0,1,""
86,"ソラ","ソラ",6,"ヨッシー","ヨッシー",0,0,""
86,"ソラ","ソラ",7,"カービィ","CB",0,0,""
86,"ソラ","ソラ",8,"フォックス","FX",0,0,""
86,"ソラ","ソラ",9,"ピカチュウ","ピカ",1,0,""
86,"ソラ","ソラ",10,"ルイージ","L",0,0,""
86,"ソラ","ソラ",11,"ネス","ネス",0,1,""
86,"ソラ","ソラ",12,"キャプテン・ファルコン","CF",0,0,""
86,"ソラ","ソラ",13,"プリン","プリン",2,0,"注意して空N、空後で刺し返すのは有り"
86,"ソラ","ソラ",14,"ピーチ・デイジー","ピチデ",0,0,""
86,"ソラ","ソラ",16,"クッパ","カメ",0,0,""
86,"ソラ","ソラ",17,"アイスクライマー","アイクラ",0,0,""
86,"ソラ","ソラ",18,"シーク","シーク",0,0,""
86,"ソラ","ソラ",19,"ゼルダ","ゼルダ",1,0,"崖上ガード、空後、横スマ"
86,"ソラ","ソラ",20,"ドクターマリオ","ドクマリ",0,0,""
86,"ソラ","ソラ",21,"ピチュー","ピチュー",0,0,""
86,"ソラ","ソラ",22,"ファルコ","ファルコ",0,0,""
86,"ソラ","ソラ",23,"マルス","マルス",1,0,""
86,"ソラ","ソラ",24,"ルキナ","ルキナ",0,0,""
86,"ソラ","ソラ",25,"こどもリンク","ヤンリン",0,1,""
86,"ソラ","ソラ",26,"ガノンドルフ","ガノン",2,1,""
86,"ソラ","ソラ",27,"ミュウツー","M2",0,1,"相手は基本、DAとシャドボでガン待ち
飛び道具負けしているので
スマッシュ多めで
コンボ中に魔法

掴みが通る。"
86,"ソラ","ソラ",28,"ロイ","ロイ",0,0,""
86,"ソラ","ソラ",29,"クロム","クロム",1,0,"○：空N、ガーキャン上B
△：下強、横B、横強"
86,"ソラ","ソラ",30,"Mr.ゲーム&ウォッチ","ゲッチ",0,0,""
86,"ソラ","ソラ",31,"メタナイト","メタ",0,1,""
86,"ソラ","ソラ",32,"ピット・ブラックピット","ブラピ",0,0,""
86,"ソラ","ソラ",34,"ゼロスーツサムス","ゼロサム",0,0,""
86,"ソラ","ソラ",35,"ワリオ","ワリオ",0,0,""
86,"ソラ","ソラ",36,"スネーク","スネーク",1,0,""
86,"ソラ","ソラ",37,"アイク","アイクラ",0,0,""
86,"ソラ","ソラ",38,"ポケモントレーナー","ポケトレ",0,0,""
86,"ソラ","ソラ",39,"ディディーコング","DD",0,0,""
86,"ソラ","ソラ",40,"リュカ","リュカ",0,0,""
86,"ソラ","ソラ",41,"ソニック","ソニック",0,0,""
86,"ソラ","ソラ",42,"デデデ","DDD",2,0,""
86,"ソラ","ソラ",43,"ピクミン＆オリマー","ピクオリ",0,0,""
86,"ソラ","ソラ",44,"ルカリオ","ルカリオ",0,0,""
86,"ソラ","ソラ",45,"ロボット","ロボット",0,2,""
86,"ソラ","ソラ",46,"トゥーンリンク","トリン",0,0,""
86,"ソラ","ソラ",47,"ウルフ","ウルフ",0,0,""
86,"ソラ","ソラ",48,"むらびと","むらびと",0,0,""
86,"ソラ","ソラ",49,"ロックマン","岩",0,0,""
86,"ソラ","ソラ",50,"Wii Fit トレーナー","フィットレ",0,0,""
86,"ソラ","ソラ",51,"ロゼッタ＆チコ","ロゼチコ",0,0,""
86,"ソラ","ソラ",52,"リトルマック","リトマ",0,1,""
86,"ソラ","ソラ",53,"ゲッコウガ","ゲコ",0,2,""
86,"ソラ","ソラ",54,"格闘Mii","カクミ",1,1,""
86,"ソラ","ソラ",55,"剣術Mii","ケンミ",0,0,""
86,"ソラ","ソラ",56,"射撃Mii","シャゲミ",0,1,""
86,"ソラ","ソラ",57,"パルテナ","パルテナ",0,1,""
86,"ソラ","ソラ",58,"パックマン","金玉",0,0,""
86,"ソラ","ソラ",59,"ルフレ","ルフレ",1,1,""
86,"ソラ","ソラ",60,"シュルク","手越",0,0,""
86,"ソラ","ソラ",61,"クッパJr.","パジュニ",0,0,""
86,"ソラ","ソラ",62,"ダックハント","犬",0,0,""
86,"ソラ","ソラ",63,"リュウ","リュウ",1,0,""
86,"ソラ","ソラ",64,"ケン","剣",1,0,""
86,"ソラ","ソラ",65,"クラウド","クラウド",0,1,"微不利
○：横強、下強
△：ジャンプ、空N（必ず引きジャンプすること）"
86,"ソラ","ソラ",66,"カムイ","カムイ",0,0,""
86,"ソラ","ソラ",67,"ベヨネッタ","ベヨネッタ",1,0,""
86,"ソラ","ソラ",68,"インクリング","イカ",1,0,""
86,"ソラ","ソラ",69,"リドリー","リドリー",1,0,""
86,"ソラ","ソラ",70,"シモン・リヒター","シモリヒ",0,0,""
86,"ソラ","ソラ",72,"キングクルール","キンクル",1,0,""
86,"ソラ","ソラ",73,"しずえ","しずえ",0,0,""
86,"ソラ","ソラ",74,"ガオガエン","ガエン",0,0,""
86,"ソラ","ソラ",75,"パックンフラワー","草",0,0,""
86,"ソラ","ソラ",76,"ジョーカー","J",0,1,""
86,"ソラ","ソラ",77,"勇者","勇者",2,3,"空中ジャンプ注意
○：弱(弱一段止め）
△：空N"
86,"ソラ","ソラ",78,"バンジョー＆カズーイ","バンカズ",0,0,""
86,"ソラ","ソラ",79,"テリー","テリー",0,0,""
86,"ソラ","ソラ",80,"ベレトス","ベレトス",0,0,""
86,"ソラ","ソラ",81,"ミェンミェン","メン",0,0,""
86,"ソラ","ソラ",82,"スティーブ","スティーブ",0,0,""
86,"ソラ","ソラ",83,"セフィロス","セフィロス",0,0,""
86,"ソラ","ソラ",84,"ホムヒカ","ホムヒカ",1,1,""
86,"ソラ","ソラ",85,"カズヤ","カズヤ",2,0,""
86,"ソラ","ソラ",86,"ソラ","ソラ",2,0,"魔法、NBを擦る"
